#id,X,Y,Z,value
1,453,172,8,233
2,535,177,8,233
3,409,181,8,233
4,423,181,8,233
5,517,181,8,233
6,436,182,8,233
7,500,182,8,233
8,590,183,8,233
9,527,184,8,233
10,578,186,8,233
11,466,189,8,233
12,492,189,8,233
13,550,189,8,233
14,520,191,8,233
15,362,192,8,233
16,387,192,8,233
17,432,192,8,233
18,501,192,8,233
19,407,193,8,233
20,454,193,8,233
21,568,193,8,233
22,484,195,8,233
23,559,195,8,233
24,613,195,8,233
25,631,195,8,233
26,541,196,8,233
27,420,198,8,233
28,472,198,8,233
29,512,198,8,233
30,550,199,8,233
31,576,199,8,233
32,446,200,8,233
33,590,200,8,233
34,368,201,8,233
35,621,201,8,233
36,493,202,8,233
37,640,202,8,233
38,432,203,8,233
39,481,205,8,233
40,542,205,8,233
41,558,205,8,233
42,567,205,8,233
43,411,206,8,233
44,610,206,8,233
45,470,208,8,233
46,514,208,8,233
47,577,208,8,233
48,441,209,8,233
49,453,209,8,233
50,598,209,8,233
51,400,210,8,233
52,422,210,8,233
53,356,211,8,233
54,588,211,8,233
55,460,212,8,233
56,637,213,8,233
57,478,214,8,233
58,495,214,8,233
59,506,214,8,233
60,525,214,8,233
61,624,214,8,233
62,388,215,8,233
63,431,215,8,233
64,563,215,8,233
65,605,215,8,233
66,410,216,8,233
67,571,218,8,233
68,595,218,8,233
69,367,219,8,233
70,582,219,8,233
71,378,220,8,233
72,442,220,8,233
73,400,221,8,233
74,486,221,8,233
75,513,221,8,233
76,545,221,8,233
77,645,221,8,233
78,467,222,8,233
79,533,222,8,233
80,668,222,8,233
81,422,223,8,233
82,476,224,8,233
83,503,224,8,233
84,620,224,8,233
85,356,225,8,233
86,522,225,8,233
87,609,225,8,233
88,563,226,8,233
89,389,227,8,233
90,493,227,8,233
91,433,228,8,233
92,553,228,8,233
93,413,229,8,233
94,512,229,8,233
95,446,230,8,233
96,530,230,8,233
97,403,231,8,233
98,459,231,8,233
99,543,231,8,233
100,663,231,8,233
101,471,232,8,233
102,653,232,8,233
103,616,233,8,233
104,486,234,8,233
105,425,235,8,233
106,519,236,8,233
107,394,237,8,233
108,497,237,8,233
109,559,237,8,233
110,606,237,8,233
111,448,239,8,233
112,624,239,8,233
113,644,239,8,233
114,384,240,8,233
115,412,240,8,233
116,526,240,8,233
117,634,240,8,233
118,672,240,8,233
119,597,241,8,233
120,468,242,8,233
121,507,242,8,233
122,662,242,8,233
123,457,244,8,233
124,423,246,8,233
125,570,246,8,233
126,616,246,8,233
127,652,247,8,233
128,518,248,8,233
129,588,248,8,233
130,445,249,8,233
131,544,249,8,233
132,626,249,8,233
133,638,249,8,233
134,383,250,8,233
135,434,250,8,233
136,533,250,8,233
137,560,250,8,233
138,411,251,8,233
139,471,251,8,233
140,505,251,8,233
141,597,252,8,233
142,484,253,8,233
143,579,253,8,233
144,455,254,8,233
145,660,254,8,233
146,425,257,8,233
147,493,257,8,233
148,571,258,8,233
149,589,258,8,233
150,616,258,8,233
151,635,259,8,233
152,626,260,8,233
153,502,261,8,233
154,514,261,8,233
155,416,265,8,233
156,484,266,8,233
157,526,268,8,233
158,554,268,8,233
159,543,269,8,233
160,643,269,8,233
161,495,270,8,233
162,563,270,8,233
163,472,272,8,233
164,447,273,8,233
165,622,273,8,233
166,516,274,8,233
167,436,276,8,233
168,611,277,8,233
169,545,280,8,233
170,505,282,8,233
171,494,284,8,233
172,535,290,8,233
173,589,292,8,233
174,563,167,9,233
175,380,168,9,233
176,475,170,9,233
177,573,170,9,233
178,403,171,9,233
179,416,171,9,233
180,485,171,9,233
181,541,171,9,233
182,428,172,9,233
183,552,172,9,233
184,496,173,9,233
185,580,175,9,233
186,509,176,9,233
187,487,180,9,233
188,608,180,9,233
189,363,181,9,233
190,375,181,9,233
191,386,181,9,233
192,463,181,9,233
193,450,183,9,233
194,398,184,9,233
195,599,185,9,233
196,353,188,9,233
197,509,188,9,233
198,444,191,9,233
199,375,192,9,233
200,682,193,9,233
201,529,195,9,233
202,342,199,9,233
203,649,200,9,233
204,666,202,9,233
205,675,206,9,233
206,340,208,9,233
207,667,212,9,233
208,682,212,9,233
209,656,222,9,233
210,368,228,9,233
211,686,228,9,233
212,696,229,9,233
213,627,230,9,233
214,348,231,9,233
215,674,231,9,233
216,706,234,9,233
217,695,239,9,233
218,683,240,9,233
219,496,246,9,233
220,705,246,9,233
221,399,248,9,233
222,694,250,9,233
223,686,256,9,233
224,705,257,9,233
225,392,258,9,233
226,561,258,9,233
227,404,259,9,233
228,697,264,9,233
229,430,267,9,233
230,599,267,9,233
231,507,268,9,233
232,609,268,9,233
233,534,276,9,233
234,554,278,9,233
235,456,279,9,233
236,525,280,9,233
237,628,283,9,233
238,466,284,9,233
239,563,287,9,233
240,553,298,9,233
241,492,154,10,233
242,451,155,10,233
243,514,158,10,233
244,524,158,10,233
245,407,160,10,233
246,482,160,10,233
247,371,161,10,233
248,394,161,10,233
249,420,162,10,233
250,555,162,10,233
251,458,163,10,233
252,433,164,10,233
253,598,164,10,233
254,446,166,10,233
255,518,167,10,233
256,370,172,10,233
257,392,172,10,233
258,464,172,10,233
259,561,178,10,233
260,650,179,10,233
261,477,180,10,233
262,322,181,10,233
263,334,181,10,233
264,624,181,10,233
265,641,181,10,233
266,660,181,10,233
267,570,183,10,233
268,672,185,10,233
269,302,186,10,233
270,539,188,10,233
271,314,189,10,233
272,650,190,10,233
273,340,191,10,233
274,606,191,10,233
275,661,192,10,233
276,640,193,10,233
277,330,194,10,233
278,692,197,10,233
279,704,201,10,233
280,390,203,10,233
281,685,204,10,233
282,629,205,10,233
283,532,206,10,233
284,695,207,10,233
285,724,208,10,233
286,702,214,10,233
287,676,220,10,233
288,599,227,10,233
289,722,227,10,233
290,638,228,10,233
291,734,228,10,233
292,607,248,10,233
293,336,250,10,233
294,371,252,10,233
295,724,255,10,233
296,536,256,10,233
297,476,259,10,233
298,364,262,10,233
299,677,262,10,233
300,707,268,10,233
301,688,269,10,233
302,698,274,10,233
303,599,276,10,233
304,635,276,10,233
305,384,279,10,233
306,672,279,10,233
307,487,288,10,233
308,522,289,10,233
309,500,291,10,233
310,510,294,10,233
311,608,295,10,233
312,637,296,10,233
313,501,303,10,233
314,406,147,11,233
315,532,151,11,233
316,388,152,11,233
317,417,153,11,233
318,474,153,11,233
319,356,154,11,233
320,326,162,11,233
321,470,162,11,233
322,314,163,11,233
323,655,172,11,233
324,281,175,11,233
325,311,175,11,233
326,669,176,11,233
327,679,176,11,233
328,701,180,11,233
329,685,186,11,233
330,290,188,11,233
331,719,190,11,233
332,622,192,11,233
333,281,197,11,233
334,308,198,11,233
335,713,199,11,233
336,733,207,11,233
337,746,210,11,233
338,338,218,11,233
339,710,219,11,233
340,298,220,11,233
341,743,224,11,233
342,308,227,11,233
343,744,234,11,233
344,298,235,11,233
345,676,248,11,233
346,322,249,11,233
347,348,252,11,233
348,757,255,11,233
349,443,256,11,233
350,737,257,11,233
351,454,259,11,233
352,748,261,11,233
353,336,262,11,233
354,350,263,11,233
355,728,265,11,233
356,737,275,11,233
357,408,281,11,233
358,394,286,11,233
359,418,286,11,233
360,654,289,11,233
361,408,293,11,233
362,685,297,11,233
363,469,300,11,233
364,653,306,11,233
365,471,311,11,233
366,449,312,11,233
367,551,312,11,233
368,587,312,11,233
369,599,312,11,233
370,481,314,11,233
371,499,315,11,233
372,624,316,11,233
373,539,317,11,233
374,658,317,11,233
375,571,322,11,233
376,434,132,12,233
377,349,134,12,233
378,405,137,12,233
379,395,139,12,233
380,307,142,12,233
381,290,143,12,233
382,415,143,12,233
383,562,143,12,233
384,369,144,12,233
385,617,144,12,233
386,453,146,12,233
387,659,152,12,233
388,297,153,12,233
389,308,154,12,233
390,367,155,12,233
391,261,159,12,233
392,694,161,12,233
393,274,163,12,233
394,349,166,12,233
395,697,171,12,233
396,297,177,12,233
397,727,180,12,233
398,251,181,12,233
399,265,191,12,233
400,297,201,12,233
401,246,202,12,233
402,272,204,12,233
403,763,206,12,233
404,333,210,12,233
405,255,211,12,233
406,266,215,12,233
407,773,216,12,233
408,788,219,12,233
409,765,224,12,233
410,777,226,12,233
411,287,232,12,233
412,787,232,12,233
413,773,233,12,233
414,722,236,12,233
415,762,238,12,233
416,784,242,12,233
417,779,253,12,233
418,323,261,12,233
419,389,262,12,233
420,716,263,12,233
421,775,268,12,233
422,647,273,12,233
423,349,277,12,233
424,765,277,12,233
425,363,280,12,233
426,746,280,12,233
427,599,289,12,233
428,365,292,12,233
429,420,296,12,233
430,619,296,12,233
431,714,301,12,233
432,749,301,12,233
433,410,302,12,233
434,679,305,12,233
435,636,313,12,233
436,692,313,12,233
437,647,316,12,233
438,611,317,12,233
439,488,318,12,233
440,581,321,12,233
441,338,129,13,233
442,422,135,13,233
443,272,153,13,233
444,341,166,13,233
445,728,171,13,233
446,739,176,13,233
447,279,186,13,233
448,760,186,13,233
449,245,190,13,233
450,781,198,13,233
451,722,200,13,233
452,259,201,13,233
453,502,206,13,233
454,307,209,13,233
455,241,214,13,233
456,732,218,13,233
457,798,225,13,233
458,709,230,13,233
459,322,231,13,233
460,752,231,13,233
461,731,238,13,233
462,292,243,13,233
463,800,248,13,233
464,363,249,13,233
465,763,249,13,233
466,660,268,13,233
467,668,274,13,233
468,709,275,13,233
469,658,278,13,233
470,376,294,13,233
471,680,315,13,233
472,264,143,14,233
473,240,159,14,233
474,760,177,14,233
475,773,180,14,233
476,784,189,14,233
477,772,190,14,233
478,752,196,14,233
479,816,214,14,233
480,806,220,14,233
481,266,236,14,233
482,269,250,14,233
483,281,255,14,233
484,305,262,14,233
485,371,266,14,233
486,792,271,14,233
487,322,276,14,233
488,309,280,14,233
489,583,293,14,233
490,689,300,14,233
491,440,315,14,233
492,698,323,14,233
493,312,122,15,233
494,498,124,15,233
495,298,125,15,233
496,599,131,15,233
497,231,153,15,233
498,218,163,15,233
499,230,168,15,233
500,779,169,15,233
501,790,174,15,233
502,806,189,15,233
503,365,196,15,233
504,215,202,15,233
505,226,212,15,233
506,238,224,15,233
507,450,224,15,233
508,833,224,15,233
509,278,227,15,233
510,255,232,15,233
511,227,238,15,233
512,650,240,15,233
513,257,244,15,233
514,309,245,15,233
515,762,255,15,233
516,261,259,15,233
517,804,266,15,233
518,288,269,15,233
519,794,282,15,233
520,393,309,15,233
521,593,330,15,233
522,360,110,16,233
523,423,117,16,233
524,402,118,16,233
525,244,129,16,233
526,263,136,16,233
527,252,138,16,233
528,208,159,16,233
529,766,173,16,233
530,228,179,16,233
531,203,181,16,233
532,795,198,16,233
533,202,207,16,233
534,213,213,16,233
535,826,215,16,233
536,643,224,16,233
537,547,225,16,233
538,815,227,16,233
539,804,231,16,233
540,666,233,16,233
541,825,235,16,233
542,282,238,16,233
543,805,242,16,233
544,670,249,16,233
545,250,255,16,233
546,272,264,16,233
547,739,285,16,233
548,552,302,16,233
549,756,316,16,233
550,488,318,16,233
551,734,322,16,233
552,292,137,17,233
553,717,140,17,233
554,214,187,17,233
555,227,192,17,233
556,343,201,17,233
557,602,221,17,233
558,226,222,17,233
559,214,237,17,233
560,853,238,17,233
561,240,247,17,233
562,815,249,17,233
563,804,252,17,233
564,839,269,17,233
565,777,270,17,233
566,768,273,17,233
567,805,280,17,233
568,307,299,17,233
569,630,313,17,233
570,283,113,18,233
571,222,129,18,233
572,739,132,18,233
573,210,133,18,233
574,198,141,18,233
575,189,146,18,233
576,226,153,18,233
577,791,156,18,233
578,174,187,18,233
579,299,194,18,233
580,816,206,18,233
581,193,214,18,233
582,383,218,18,233
583,759,234,18,233
584,227,246,18,233
585,862,246,18,233
586,814,282,18,233
587,640,313,18,233
588,355,315,18,233
589,743,325,18,233
590,759,144,19,233
591,174,165,19,233
592,221,200,19,233
593,614,203,19,233
594,524,221,19,233
595,455,97,20,233
596,813,161,20,233
597,588,210,20,233
598,873,227,20,233
599,395,236,20,233
600,737,244,20,233
601,756,278,20,233
602,857,283,20,233
603,418,91,21,233
604,408,198,21,233
605,529,198,21,233
606,651,226,21,233
607,515,239,21,233
608,482,240,21,233
609,881,266,21,233
610,599,270,21,233
611,559,308,21,233
612,526,96,22,233
613,678,108,22,233
614,168,153,22,233
615,861,195,22,233
616,882,208,22,233
617,338,221,22,233
618,893,238,22,233
619,882,247,22,233
620,667,106,23,233
621,475,133,23,233
622,174,135,23,233
623,825,143,23,233
624,684,172,23,233
625,282,190,23,233
626,489,217,23,233
627,892,217,23,233
628,893,266,23,233
629,277,87,24,233
630,291,89,24,233
631,465,187,24,233
632,439,198,24,233
633,700,226,24,233
634,643,319,24,233
635,414,83,25,233
636,450,83,25,233
637,641,100,25,233
638,650,101,25,233
639,381,157,25,233
640,664,160,25,233
641,261,175,25,233
642,365,238,25,233
643,903,270,25,233
644,360,80,26,233
645,556,142,26,233
646,138,179,26,233
647,312,211,26,233
648,434,262,26,233
649,350,283,26,233
650,630,322,26,233
651,306,81,27,233
652,524,84,27,233
653,403,125,27,233
654,498,125,27,233
655,143,153,27,233
656,865,153,27,233
657,502,164,27,233
658,665,171,27,233
659,875,208,27,233
660,793,230,27,233
661,881,302,27,233
662,572,368,27,233
663,821,129,28,233
664,232,156,28,233
665,729,177,28,233
666,845,251,28,233
667,381,298,28,233
668,327,73,29,233
669,302,74,29,233
670,369,76,29,233
671,312,116,29,233
672,637,138,29,233
673,909,221,29,233
674,913,243,29,233
675,438,291,29,233
676,349,70,30,233
677,432,76,30,233
678,444,77,30,233
679,509,80,30,233
680,588,83,30,233
681,185,105,30,233
682,428,116,30,233
683,546,125,30,233
684,653,135,30,233
685,268,266,30,233
686,575,83,31,233
687,661,94,31,233
688,684,95,31,233
689,730,101,31,233
690,751,107,31,233
691,473,112,31,233
692,796,113,31,233
693,151,132,31,233
694,280,166,31,233
695,134,171,31,233
696,893,172,31,233
697,763,196,31,233
698,862,223,31,233
699,915,231,31,233
700,913,257,31,233
701,912,274,31,233
702,491,331,31,233
703,500,74,32,233
704,480,75,32,233
705,255,80,32,233
706,217,90,32,233
707,645,92,32,233
708,672,92,32,233
709,704,97,32,233
710,142,151,32,233
711,390,353,32,233
712,413,70,33,233
713,380,71,33,233
714,743,102,33,233
715,435,113,33,233
716,168,117,33,233
717,695,130,33,233
718,749,140,33,233
719,133,161,33,233
720,905,185,33,233
721,151,228,33,233
722,905,248,33,233
723,898,297,33,233
724,791,351,33,233
725,774,356,33,233
726,343,69,34,233
727,391,69,34,233
728,402,71,34,233
729,537,77,34,233
730,566,79,34,233
731,763,106,34,233
732,286,111,34,233
733,896,159,34,233
734,144,218,34,233
735,915,221,34,233
736,226,285,34,233
737,333,68,35,233
738,206,93,35,233
739,128,186,35,233
740,139,208,35,233
741,859,246,35,233
742,730,367,35,233
743,641,377,35,233
744,628,379,35,233
745,362,65,36,233
746,483,68,36,233
747,278,72,36,233
748,596,77,36,233
749,721,96,36,233
750,193,97,36,233
751,365,113,36,233
752,822,120,36,233
753,150,127,36,233
754,134,149,36,233
755,135,197,36,233
756,110,204,36,233
757,937,222,36,233
758,923,235,36,233
759,422,69,37,233
760,473,73,37,233
761,711,94,37,233
762,171,108,37,233
763,853,134,37,233
764,757,141,37,233
765,887,150,37,233
766,134,163,37,233
767,903,168,37,233
768,392,357,37,233
769,708,371,37,233
770,341,70,38,233
771,446,71,38,233
772,576,75,38,233
773,565,76,38,233
774,275,110,38,233
775,789,110,38,233
776,841,128,38,233
777,921,186,38,233
778,893,196,38,233
779,894,307,38,233
780,343,341,38,233
781,818,343,38,233
782,359,347,38,233
783,498,376,38,233
784,621,380,38,233
785,488,71,39,233
786,522,74,39,233
787,583,79,39,233
788,609,83,39,233
789,691,93,39,233
790,208,144,39,233
791,932,200,39,233
792,893,215,39,233
793,690,327,39,233
794,323,331,39,233
795,768,359,39,233
796,404,360,39,233
797,517,378,39,233
798,632,378,39,233
799,528,379,39,233
800,624,83,40,233
801,754,99,40,233
802,776,109,40,233
803,166,119,40,233
804,649,129,40,233
805,873,144,40,233
806,884,154,40,233
807,807,157,40,233
808,912,229,40,233
809,940,251,40,233
810,921,269,40,233
811,908,285,40,233
812,546,380,40,233
813,581,380,40,233
814,603,380,40,233
815,374,73,41,233
816,409,73,41,233
817,681,372,41,233
818,593,379,41,233
819,715,322,42,233
820,474,145,43,233
821,564,206,43,233
822,508,81,44,233
823,520,82,44,233
824,624,89,44,233
825,644,92,44,233
826,434,79,45,233
827,361,80,45,233
828,400,80,45,233
829,445,80,45,233
830,572,87,45,233
831,584,88,45,233
832,614,89,45,233
833,634,91,45,233
834,713,102,45,233
835,727,104,45,233
836,847,144,45,233
837,899,181,45,233
838,499,83,46,233
839,255,94,46,233
840,735,107,46,233
841,787,122,46,233
842,798,124,46,233
843,903,194,46,233
844,419,81,47,233
845,532,81,47,233
846,455,83,47,233
847,310,84,47,233
848,343,86,47,233
849,556,86,47,233
850,704,106,47,233
851,746,112,47,233
852,767,118,47,233
853,825,136,47,233
854,496,149,47,233
855,459,150,47,233
856,869,156,47,233
857,463,163,47,233
858,890,174,47,233
859,234,188,47,233
860,909,212,47,233
861,417,224,47,233
862,910,225,47,233
863,495,257,47,233
864,906,268,47,233
865,891,284,47,233
866,343,286,47,233
867,829,292,47,233
868,884,292,47,233
869,507,322,47,233
870,622,324,47,233
871,524,173,8,209
872,441,174,8,209
873,546,179,8,209
874,617,182,8,209
875,559,185,8,209
876,419,189,8,209
877,586,193,8,209
878,399,197,8,209
879,602,199,8,209
880,353,200,8,209
881,379,203,8,209
882,502,203,8,209
883,659,204,8,209
884,551,213,8,209
885,645,213,8,209
886,538,214,8,209
887,616,215,8,209
888,692,219,8,209
889,346,220,8,209
890,454,222,8,209
891,703,224,8,209
892,589,228,8,209
893,537,239,8,209
894,549,240,8,209
895,374,242,8,209
896,670,255,8,209
897,649,258,8,209
898,525,259,8,209
899,439,260,8,209
900,603,260,8,209
901,581,265,8,209
902,668,266,8,209
903,632,269,8,209
904,573,274,8,209
905,486,277,8,209
906,583,282,8,209
907,501,157,9,209
908,587,170,9,209
909,355,172,9,209
910,634,173,9,209
911,343,175,9,209
912,633,185,9,209
913,594,194,9,209
914,320,201,9,209
915,461,201,9,209
916,523,203,9,209
917,713,208,9,209
918,371,210,9,209
919,321,223,9,209
920,574,227,9,209
921,336,230,9,209
922,328,239,9,209
923,436,239,9,209
924,339,241,9,209
925,717,241,9,209
926,353,245,9,209
927,714,254,9,209
928,477,280,9,209
929,444,284,9,209
930,514,284,9,209
931,618,288,9,209
932,540,299,9,209
933,377,147,10,209
934,484,148,10,209
935,344,149,10,209
936,398,150,10,209
937,429,152,10,209
938,461,154,10,209
939,575,163,10,209
940,608,164,10,209
941,506,168,10,209
942,627,169,10,209
943,646,170,10,209
944,329,171,10,209
945,605,171,10,209
946,616,174,10,209
947,442,175,10,209
948,547,181,10,209
949,419,190,10,209
950,399,197,10,209
951,356,201,10,209
952,602,201,10,209
953,283,212,10,209
954,656,212,10,209
955,315,213,10,209
956,725,218,10,209
957,630,221,10,209
958,358,233,10,209
959,538,239,10,209
960,375,241,10,209
961,732,248,10,209
962,746,249,10,209
963,525,256,10,209
964,581,263,10,209
965,654,264,10,209
966,414,272,10,209
967,426,277,10,209
968,569,279,10,209
969,373,281,10,209
970,688,281,10,209
971,436,287,10,209
972,667,291,10,209
973,477,292,10,209
974,489,298,10,209
975,433,299,10,209
976,592,301,10,209
977,630,307,10,209
978,521,312,10,209
979,361,135,11,209
980,463,137,11,209
981,322,140,11,209
982,338,140,11,209
983,476,140,11,209
984,489,141,11,209
985,428,142,11,209
986,465,146,11,209
987,440,148,11,209
988,499,148,11,209
989,521,149,11,209
990,332,150,11,209
991,543,151,11,209
992,559,153,11,209
993,636,154,11,209
994,616,155,11,209
995,594,159,11,209
996,286,163,11,209
997,620,165,11,209
998,636,165,11,209
999,685,166,11,209
1000,673,167,11,209
1001,709,172,11,209
1002,267,177,11,209
1003,751,183,11,209
1004,671,196,11,209
1005,759,214,11,209
1006,691,219,11,209
1007,280,221,11,209
1008,751,221,11,209
1009,368,240,11,209
1010,773,243,11,209
1011,304,248,11,209
1012,402,264,11,209
1013,740,266,11,209
1014,763,267,11,209
1015,398,275,11,209
1016,428,287,11,209
1017,565,292,11,209
1018,706,292,11,209
1019,673,295,11,209
1020,703,303,11,209
1021,606,304,11,209
1022,543,305,11,209
1023,577,309,11,209
1024,565,311,11,209
1025,508,313,11,209
1026,558,330,11,209
1027,394,128,12,209
1028,384,133,12,209
1029,374,135,12,209
1030,502,140,12,209
1031,522,141,12,209
1032,546,142,12,209
1033,386,144,12,209
1034,356,145,12,209
1035,607,148,12,209
1036,319,152,12,209
1037,284,154,12,209
1038,567,155,12,209
1039,603,159,12,209
1040,668,159,12,209
1041,653,163,12,209
1042,706,163,12,209
1043,260,171,12,209
1044,689,179,12,209
1045,713,183,12,209
1046,768,197,12,209
1047,798,239,12,209
1048,752,243,12,209
1049,431,263,12,209
1050,461,265,12,209
1051,718,271,12,209
1052,754,274,12,209
1053,515,281,12,209
1054,718,282,12,209
1055,735,282,12,209
1056,677,283,12,209
1057,636,290,12,209
1058,730,291,12,209
1059,397,299,12,209
1060,663,306,12,209
1061,722,312,12,209
1062,548,322,12,209
1063,601,323,12,209
1064,619,323,12,209
1065,629,323,12,209
1066,423,123,13,209
1067,351,125,13,209
1068,447,127,13,209
1069,362,129,13,209
1070,315,131,13,209
1071,301,132,13,209
1072,327,132,13,209
1073,547,134,13,209
1074,473,136,13,209
1075,483,136,13,209
1076,492,136,13,209
1077,645,142,13,209
1078,624,143,13,209
1079,595,144,13,209
1080,671,152,13,209
1081,717,152,13,209
1082,247,168,13,209
1083,750,173,13,209
1084,241,177,13,209
1085,231,187,13,209
1086,743,198,13,209
1087,733,201,13,209
1088,232,202,13,209
1089,772,207,13,209
1090,784,210,13,209
1091,796,215,13,209
1092,257,222,13,209
1093,820,237,13,209
1094,729,245,13,209
1095,788,250,13,209
1096,294,256,13,209
1097,797,259,13,209
1098,402,263,13,209
1099,554,263,13,209
1100,361,266,13,209
1101,333,267,13,209
1102,312,269,13,209
1103,335,280,13,209
1104,466,286,13,209
1105,694,288,13,209
1106,345,298,13,209
1107,384,305,13,209
1108,438,306,13,209
1109,374,307,13,209
1110,741,308,13,209
1111,463,313,13,209
1112,509,320,13,209
1113,666,323,13,209
1114,517,324,13,209
1115,498,325,13,209
1116,412,121,14,209
1117,457,122,14,209
1118,373,124,14,209
1119,402,125,14,209
1120,508,128,14,209
1121,527,128,14,209
1122,589,129,14,209
1123,540,130,14,209
1124,578,130,14,209
1125,276,131,14,209
1126,609,131,14,209
1127,559,134,14,209
1128,626,134,14,209
1129,280,141,14,209
1130,711,144,14,209
1131,653,146,14,209
1132,690,146,14,209
1133,678,148,14,209
1134,706,156,14,209
1135,683,158,14,209
1136,675,164,14,209
1137,212,173,14,209
1138,200,194,14,209
1139,804,209,14,209
1140,487,215,14,209
1141,488,235,14,209
1142,383,237,14,209
1143,240,238,14,209
1144,604,244,14,209
1145,442,245,14,209
1146,318,252,14,209
1147,620,262,14,209
1148,784,275,14,209
1149,753,283,14,209
1150,342,286,14,209
1151,777,295,14,209
1152,735,296,14,209
1153,333,297,14,209
1154,604,299,14,209
1155,724,299,14,209
1156,709,306,14,209
1157,732,314,14,209
1158,611,324,14,209
1159,637,329,14,209
1160,603,331,14,209
1161,542,336,14,209
1162,562,337,14,209
1163,381,115,15,209
1164,467,119,15,209
1165,479,119,15,209
1166,281,122,15,209
1167,363,122,15,209
1168,267,123,15,209
1169,342,123,15,209
1170,616,126,15,209
1171,384,128,15,209
1172,637,136,15,209
1173,236,140,15,209
1174,683,141,15,209
1175,662,142,15,209
1176,723,146,15,209
1177,700,147,15,209
1178,246,148,15,209
1179,256,154,15,209
1180,747,166,15,209
1181,200,168,15,209
1182,781,179,15,209
1183,792,186,15,209
1184,819,191,15,209
1185,822,203,15,209
1186,685,211,15,209
1187,831,246,15,209
1188,621,249,15,209
1189,830,257,15,209
1190,817,262,15,209
1191,801,290,15,209
1192,755,291,15,209
1193,315,294,15,209
1194,389,296,15,209
1195,753,305,15,209
1196,745,314,15,209
1197,686,318,15,209
1198,723,322,15,209
1199,575,332,15,209
1200,392,111,16,209
1201,314,113,16,209
1202,412,113,16,209
1203,337,114,16,209
1204,325,116,16,209
1205,291,117,16,209
1206,351,118,16,209
1207,371,118,16,209
1208,564,121,16,209
1209,257,122,16,209
1210,509,122,16,209
1211,544,124,16,209
1212,555,125,16,209
1213,231,130,16,209
1214,656,137,16,209
1215,210,144,16,209
1216,192,158,16,209
1217,772,159,16,209
1218,758,160,16,209
1219,183,165,16,209
1220,179,177,16,209
1221,824,181,16,209
1222,808,203,16,209
1223,835,207,16,209
1224,766,208,16,209
1225,258,211,16,209
1226,212,225,16,209
1227,839,235,16,209
1228,843,245,16,209
1229,840,256,16,209
1230,290,281,16,209
1231,727,286,16,209
1232,773,302,16,209
1233,373,306,16,209
1234,501,309,16,209
1235,580,310,16,209
1236,381,314,16,209
1237,570,316,16,209
1238,768,320,16,209
1239,502,322,16,209
1240,417,330,16,209
1241,383,105,17,209
1242,404,108,17,209
1243,455,111,17,209
1244,432,112,17,209
1245,478,112,17,209
1246,506,113,17,209
1247,549,115,17,209
1248,528,116,17,209
1249,571,116,17,209
1250,537,117,17,209
1251,305,118,17,209
1252,489,118,17,209
1253,622,123,17,209
1254,649,130,17,209
1255,639,131,17,209
1256,675,136,17,209
1257,225,141,17,209
1258,729,143,17,209
1259,740,144,17,209
1260,201,152,17,209
1261,783,166,17,209
1262,810,172,17,209
1263,194,175,17,209
1264,799,181,17,209
1265,192,187,17,209
1266,193,201,17,209
1267,846,212,17,209
1268,203,218,17,209
1269,481,218,17,209
1270,836,219,17,209
1271,846,227,17,209
1272,514,231,17,209
1273,470,233,17,209
1274,434,245,17,209
1275,789,255,17,209
1276,719,257,17,209
1277,830,277,17,209
1278,787,278,17,209
1279,784,310,17,209
1280,464,104,18,209
1281,307,105,18,209
1282,475,105,18,209
1283,444,106,18,209
1284,335,107,18,209
1285,322,108,18,209
1286,247,120,18,209
1287,233,121,18,209
1288,601,121,18,209
1289,767,149,18,209
1290,182,156,18,209
1291,800,163,18,209
1292,821,170,18,209
1293,808,185,18,209
1294,477,192,18,209
1295,184,194,18,209
1296,849,196,18,209
1297,183,206,18,209
1298,857,210,18,209
1299,820,216,18,209
1300,869,219,18,209
1301,556,221,18,209
1302,195,228,18,209
1303,860,231,18,209
1304,205,236,18,209
1305,568,243,18,209
1306,275,247,18,209
1307,606,248,18,209
1308,633,249,18,209
1309,859,257,18,209
1310,846,263,18,209
1311,301,288,18,209
1312,370,288,18,209
1313,805,289,18,209
1314,701,291,18,209
1315,815,300,18,209
1316,804,305,18,209
1317,750,306,18,209
1318,373,100,19,209
1319,297,106,19,209
1320,564,112,19,209
1321,654,124,19,209
1322,747,137,19,209
1323,830,178,19,209
1324,856,187,19,209
1325,556,195,19,209
1326,860,200,19,209
1327,237,234,19,209
1328,781,237,19,209
1329,847,239,19,209
1330,265,260,19,209
1331,832,287,19,209
1332,437,96,20,209
1333,306,99,20,209
1334,350,99,20,209
1335,533,100,20,209
1336,252,106,20,209
1337,600,110,20,209
1338,625,111,20,209
1339,711,122,20,209
1340,697,124,20,209
1341,194,125,20,209
1342,856,176,20,209
1343,254,180,20,209
1344,631,191,20,209
1345,331,193,20,209
1346,164,201,20,209
1347,871,207,20,209
1348,314,213,20,209
1349,881,217,20,209
1350,564,223,20,209
1351,887,227,20,209
1352,862,237,20,209
1353,881,237,20,209
1354,872,246,20,209
1355,525,247,20,209
1356,857,273,20,209
1357,854,291,20,209
1358,403,92,21,209
1359,316,93,21,209
1360,339,93,21,209
1361,360,93,21,209
1362,283,95,21,209
1363,296,96,21,209
1364,500,98,21,209
1365,564,102,21,209
1366,575,102,21,209
1367,582,103,21,209
1368,616,105,21,209
1369,643,112,21,209
1370,220,116,21,209
1371,762,129,21,209
1372,797,141,21,209
1373,499,154,21,209
1374,835,160,21,209
1375,288,167,21,209
1376,162,176,21,209
1377,655,183,21,209
1378,838,184,21,209
1379,867,184,21,209
1380,165,189,21,209
1381,708,206,21,209
1382,172,212,21,209
1383,180,220,21,209
1384,189,229,21,209
1385,776,233,21,209
1386,547,234,21,209
1387,661,250,21,209
1388,732,257,21,209
1389,882,257,21,209
1390,546,273,21,209
1391,871,274,21,209
1392,716,277,21,209
1393,869,283,21,209
1394,724,291,21,209
1395,841,294,21,209
1396,617,318,21,209
1397,382,88,22,209
1398,479,90,22,209
1399,469,91,22,209
1400,371,92,22,209
1401,272,95,22,209
1402,250,98,22,209
1403,556,99,22,209
1404,595,99,22,209
1405,230,109,22,209
1406,729,117,22,209
1407,189,120,22,209
1408,206,120,22,209
1409,756,123,22,209
1410,185,133,22,209
1411,812,143,22,209
1412,331,150,22,209
1413,342,156,22,209
1414,470,165,22,209
1415,152,171,22,209
1416,672,172,22,209
1417,580,176,22,209
1418,633,176,22,209
1419,152,182,22,209
1420,564,189,22,209
1421,153,196,22,209
1422,739,196,22,209
1423,785,200,22,209
1424,806,230,22,209
1425,174,236,22,209
1426,872,236,22,209
1427,818,241,22,209
1428,894,252,22,209
1429,638,258,22,209
1430,453,285,22,209
1431,477,326,22,209
1432,326,87,23,209
1433,691,110,23,209
1434,702,113,23,209
1435,793,133,23,209
1436,434,136,23,209
1437,804,137,23,209
1438,170,145,23,209
1439,703,167,23,209
1440,885,198,23,209
1441,797,207,23,209
1442,168,225,23,209
1443,893,230,23,209
1444,451,232,23,209
1445,833,234,23,209
1446,433,254,23,209
1447,861,304,23,209
1448,389,83,24,209
1449,522,90,24,209
1450,266,94,24,209
1451,219,107,24,209
1452,196,113,24,209
1453,752,117,24,209
1454,775,121,24,209
1455,394,136,24,209
1456,164,139,24,209
1457,355,147,24,209
1458,838,151,24,209
1459,161,152,24,209
1460,147,160,24,209
1461,298,160,24,209
1462,146,174,24,209
1463,146,206,24,209
1464,894,208,24,209
1465,904,242,24,209
1466,902,257,24,209
1467,779,261,24,209
1468,716,276,24,209
1469,891,276,24,209
1470,886,284,24,209
1471,671,305,24,209
1472,576,312,24,209
1473,661,317,24,209
1474,514,89,25,209
1475,622,99,25,209
1476,735,114,25,209
1477,185,117,25,209
1478,530,135,25,209
1479,850,155,25,209
1480,860,164,25,209
1481,284,169,25,209
1482,873,172,25,209
1483,415,174,25,209
1484,881,181,25,209
1485,558,185,25,209
1486,140,190,25,209
1487,895,199,25,209
1488,280,207,25,209
1489,513,247,25,209
1490,625,292,25,209
1491,350,81,26,209
1492,542,90,26,209
1493,239,91,26,209
1494,582,92,26,209
1495,228,97,26,209
1496,660,101,26,209
1497,442,120,26,209
1498,782,121,26,209
1499,453,122,26,209
1500,790,126,26,209
1501,468,127,26,209
1502,875,164,26,209
1503,895,186,26,209
1504,810,188,26,209
1505,833,212,26,209
1506,908,249,26,209
1507,595,275,26,209
1508,854,308,26,209
1509,472,330,26,209
1510,487,83,27,209
1511,264,86,27,209
1512,603,90,27,209
1513,678,102,27,209
1514,728,107,27,209
1515,198,108,27,209
1516,185,111,27,209
1517,759,113,27,209
1518,376,121,27,209
1519,165,125,27,209
1520,599,139,27,209
1521,630,140,27,209
1522,841,143,27,209
1523,851,147,27,209
1524,714,149,27,209
1525,727,150,27,209
1526,635,227,27,209
1527,289,79,28,209
1528,644,96,28,209
1529,691,100,28,209
1530,362,120,28,209
1531,811,124,28,209
1532,533,125,28,209
1533,589,135,28,209
1534,832,137,28,209
1535,703,142,28,209
1536,553,154,28,209
1537,620,165,28,209
1538,886,167,28,209
1539,806,175,28,209
1540,132,176,28,209
1541,899,191,28,209
1542,142,198,28,209
1543,834,204,28,209
1544,146,209,28,209
1545,148,220,28,209
1546,490,252,28,209
1547,877,311,28,209
1548,594,370,28,209
1549,519,81,29,209
1550,741,105,29,209
1551,484,116,29,209
1552,850,141,29,209
1553,745,146,29,209
1554,764,149,29,209
1555,573,177,29,209
1556,134,187,29,209
1557,347,192,29,209
1558,925,214,29,209
1559,155,230,29,209
1560,162,237,29,209
1561,778,264,29,209
1562,911,285,29,209
1563,272,303,29,209
1564,713,96,30,209
1565,769,111,30,209
1566,487,141,30,209
1567,878,151,30,209
1568,889,161,30,209
1569,901,181,30,209
1570,412,182,30,209
1571,912,202,30,209
1572,137,203,30,209
1573,904,230,30,209
1574,358,237,30,209
1575,468,77,31,209
1576,606,128,31,209
1577,668,133,31,209
1578,233,134,31,209
1579,393,154,31,209
1580,551,156,31,209
1581,295,211,31,209
1582,188,217,31,209
1583,215,273,31,209
1584,311,280,31,209
1585,766,306,31,209
1586,700,320,31,209
1587,327,331,31,209
1588,749,358,31,209
1589,433,362,31,209
1590,444,69,32,209
1591,513,72,32,209
1592,556,80,32,209
1593,159,124,32,209
1594,580,124,32,209
1595,126,127,32,209
1596,838,130,32,209
1597,869,144,32,209
1598,899,203,32,209
1599,935,229,32,209
1600,341,291,32,209
1601,278,311,32,209
1602,554,317,32,209
1603,318,328,32,209
1604,761,357,32,209
1605,408,360,32,209
1606,599,375,32,209
1607,588,378,32,209
1608,294,73,33,209
1609,532,118,33,209
1610,660,127,33,209
1611,144,134,33,209
1612,354,154,33,209
1613,836,180,33,209
1614,937,216,33,209
1615,906,233,33,209
1616,292,278,33,209
1617,238,291,33,209
1618,380,302,33,209
1619,353,342,33,209
1620,800,348,33,209
1621,520,72,34,209
1622,666,86,34,209
1623,507,115,34,209
1624,255,117,34,209
1625,715,132,34,209
1626,181,253,34,209
1627,920,268,34,209
1628,649,329,34,209
1629,444,368,34,209
1630,698,371,34,209
1631,481,373,34,209
1632,244,80,35,209
1633,634,83,35,209
1634,426,115,35,209
1635,580,124,35,209
1636,380,151,35,209
1637,413,184,35,209
1638,911,194,35,209
1639,910,291,35,209
1640,872,317,35,209
1641,445,320,35,209
1642,751,363,35,209
1643,667,375,35,209
1644,527,378,35,209
1645,576,381,35,209
1646,556,77,36,209
1647,649,87,36,209
1648,778,107,36,209
1649,474,114,36,209
1650,811,118,36,209
1651,877,144,36,209
1652,799,153,36,209
1653,835,174,36,209
1654,935,208,36,209
1655,150,229,36,209
1656,344,295,36,209
1657,380,304,36,209
1658,291,320,36,209
1659,859,324,36,209
1660,742,366,36,209
1661,432,367,36,209
1662,600,380,36,209
1663,503,71,37,209
1664,459,72,37,209
1665,292,73,37,209
1666,769,101,37,209
1667,806,109,37,209
1668,594,127,37,209
1669,713,132,37,209
1670,921,198,37,209
1671,942,238,37,209
1672,918,247,37,209
1673,855,278,37,209
1674,280,314,37,209
1675,707,325,37,209
1676,490,331,37,209
1677,777,358,37,209
1678,310,69,38,209
1679,379,69,38,209
1680,390,69,38,209
1681,400,70,38,209
1682,434,70,38,209
1683,613,125,38,209
1684,863,137,38,209
1685,263,264,38,209
1686,306,280,38,209
1687,902,300,38,209
1688,300,323,38,209
1689,532,327,38,209
1690,311,328,38,209
1691,841,334,38,209
1692,805,348,38,209
1693,370,351,38,209
1694,794,351,38,209
1695,443,369,38,209
1696,476,373,38,209
1697,563,381,38,209
1698,546,77,39,209
1699,262,78,39,209
1700,247,79,39,209
1701,234,82,39,209
1702,648,82,39,209
1703,635,85,39,209
1704,682,90,39,209
1705,743,94,39,209
1706,142,144,39,209
1707,826,165,39,209
1708,907,186,39,209
1709,185,213,39,209
1710,142,214,39,209
1711,258,302,39,209
1712,269,309,39,209
1713,381,354,39,209
1714,415,363,39,209
1715,718,369,39,209
1716,456,371,39,209
1717,441,72,40,209
1718,274,75,40,209
1719,500,75,40,209
1720,653,87,40,209
1721,666,130,40,209
1722,488,163,40,209
1723,904,176,40,209
1724,138,187,40,209
1725,798,309,40,209
1726,459,323,40,209
1727,615,331,40,209
1728,731,366,40,209
1729,554,78,41,209
1730,213,91,41,209
1731,719,98,41,209
1732,732,98,41,209
1733,764,105,41,209
1734,885,184,41,209
1735,448,196,41,209
1736,915,280,41,209
1737,650,327,41,209
1738,706,370,41,209
1739,382,152,42,209
1740,641,196,42,209
1741,901,292,42,209
1742,890,297,42,209
1743,373,299,42,209
1744,380,350,42,209
1745,414,361,42,209
1746,313,77,43,209
1747,272,83,43,209
1748,537,83,43,209
1749,674,93,43,209
1750,655,138,43,209
1751,875,153,43,209
1752,844,288,43,209
1753,535,323,43,209
1754,508,374,43,209
1755,576,379,43,209
1756,370,78,44,209
1757,350,79,44,209
1758,302,81,44,209
1759,594,86,44,209
1760,262,87,44,209
1761,237,92,44,209
1762,656,92,44,209
1763,225,96,44,209
1764,696,98,44,209
1765,198,116,44,209
1766,776,116,44,209
1767,286,128,44,209
1768,315,134,44,209
1769,630,136,44,209
1770,552,137,44,209
1771,644,140,44,209
1772,847,200,44,209
1773,394,223,44,209
1774,891,290,44,209
1775,486,325,44,209
1776,389,79,45,209
1777,380,80,45,209
1778,327,83,45,209
1779,286,86,45,209
1780,666,96,45,209
1781,756,111,45,209
1782,205,112,45,209
1783,809,127,45,209
1784,837,139,45,209
1785,337,141,45,209
1786,416,151,45,209
1787,595,217,45,209
1788,911,247,45,209
1789,781,307,45,209
1790,525,325,45,209
1791,562,377,45,209
1792,244,243,46,209
1793,904,280,46,209
1794,372,83,47,209
1795,295,89,47,209
1796,601,91,47,209
1797,211,116,47,209
1798,777,121,47,209
1799,194,132,47,209
1800,531,134,47,209
1801,554,138,47,209
1802,277,141,47,209
1803,643,144,47,209
1804,300,147,47,209
1805,538,148,47,209
1806,562,148,47,209
1807,595,150,47,209
1808,690,150,47,209
1809,855,150,47,209
1810,360,151,47,209
1811,388,153,47,209
1812,622,154,47,209
1813,287,155,47,209
1814,424,156,47,209
1815,479,156,47,209
1816,377,157,47,209
1817,639,159,47,209
1818,629,160,47,209
1819,591,162,47,209
1820,447,163,47,209
1821,748,164,47,209
1822,760,164,47,209
1823,273,166,47,209
1824,310,167,47,209
1825,798,167,47,209
1826,609,169,47,209
1827,628,171,47,209
1828,685,171,47,209
1829,769,171,47,209
1830,470,175,47,209
1831,570,176,47,209
1832,807,177,47,209
1833,818,181,47,209
1834,456,182,47,209
1835,668,182,47,209
1836,533,186,47,209
1837,757,188,47,209
1838,830,190,47,209
1839,250,191,47,209
1840,289,193,47,209
1841,475,202,47,209
1842,502,202,47,209
1843,448,203,47,209
1844,907,203,47,209
1845,591,210,47,209
1846,608,211,47,209
1847,350,212,47,209
1848,619,213,47,209
1849,639,215,47,209
1850,463,216,47,209
1851,852,218,47,209
1852,584,220,47,209
1853,660,220,47,209
1854,376,226,47,209
1855,279,227,47,209
1856,230,228,47,209
1857,574,228,47,209
1858,645,228,47,209
1859,452,229,47,209
1860,612,229,47,209
1861,775,232,47,209
1862,631,234,47,209
1863,480,235,47,209
1864,564,239,47,209
1865,460,240,47,209
1866,492,245,47,209
1867,507,247,47,209
1868,467,254,47,209
1869,904,258,47,209
1870,476,281,47,209
1871,842,282,47,209
1872,378,295,47,209
1873,815,296,47,209
1874,393,298,47,209
1875,405,301,47,209
1876,725,313,47,209
1877,470,320,47,209
1878,667,321,47,209
1879,538,322,47,209
1880,634,322,47,209
1881,646,323,47,209
1882,494,325,47,209
1883,599,325,47,209
1884,539,371,47,209
1885,567,371,47,209
1886,623,192,8,186
1887,656,212,8,186
1888,588,235,8,186
1889,676,249,8,186
1890,587,273,8,186
1891,440,156,9,186
1892,479,186,9,186
1893,724,236,9,186
1894,464,259,9,186
1895,717,263,9,186
1896,663,273,9,186
1897,604,285,9,186
1898,642,286,9,186
1899,575,291,9,186
1900,530,297,9,186
1901,536,159,10,186
1902,360,164,10,186
1903,494,164,10,186
1904,543,164,10,186
1905,530,168,10,186
1906,594,175,10,186
1907,707,189,10,186
1908,502,205,10,186
1909,537,214,10,186
1910,455,221,10,186
1911,589,227,10,186
1912,461,267,10,186
1913,588,270,10,186
1914,658,281,10,186
1915,547,287,10,186
1916,454,290,10,186
1917,627,291,10,186
1918,466,292,10,186
1919,571,302,10,186
1920,511,303,10,186
1921,617,308,10,186
1922,440,157,11,186
1923,548,158,11,186
1924,564,160,11,186
1925,383,162,11,186
1926,300,164,11,186
1927,696,189,11,186
1928,731,189,11,186
1929,492,192,11,186
1930,381,203,11,186
1931,658,204,11,186
1932,481,206,11,186
1933,578,237,11,186
1934,661,241,11,186
1935,616,256,11,186
1936,666,262,11,186
1937,677,272,11,186
1938,577,288,11,186
1939,587,290,11,186
1940,445,291,11,186
1941,531,294,11,186
1942,662,297,11,186
1943,522,299,11,186
1944,582,299,11,186
1945,455,300,11,186
1946,758,300,11,186
1947,443,301,11,186
1948,560,303,11,186
1949,492,308,11,186
1950,517,320,11,186
1951,511,145,12,186
1952,599,149,12,186
1953,589,151,12,186
1954,510,153,12,186
1955,578,157,12,186
1956,625,159,12,186
1957,585,163,12,186
1958,360,166,12,186
1959,662,169,12,186
1960,355,190,12,186
1961,707,190,12,186
1962,469,240,12,186
1963,667,252,12,186
1964,632,263,12,186
1965,340,274,12,186
1966,696,282,12,186
1967,353,288,12,186
1968,455,288,12,186
1969,388,294,12,186
1970,646,294,12,186
1971,511,304,12,186
1972,560,319,12,186
1973,528,322,12,186
1974,591,324,12,186
1975,383,123,13,186
1976,458,131,13,186
1977,510,136,13,186
1978,570,143,13,186
1979,585,145,13,186
1980,578,150,13,186
1981,626,150,13,186
1982,346,154,13,186
1983,649,154,13,186
1984,643,164,13,186
1985,301,165,13,186
1986,717,172,13,186
1987,303,187,13,186
1988,738,187,13,186
1989,730,191,13,186
1990,665,203,13,186
1991,701,204,13,186
1992,513,231,13,186
1993,455,240,13,186
1994,477,245,13,186
1995,374,248,13,186
1996,558,255,13,186
1997,633,272,13,186
1998,560,281,13,186
1999,548,282,13,186
2000,382,283,13,186
2001,661,295,13,186
2002,426,307,13,186
2003,670,312,13,186
2004,509,333,13,186
2005,444,119,14,186
2006,437,126,14,186
2007,476,126,14,186
2008,487,126,14,186
2009,467,128,14,186
2010,411,132,14,186
2011,501,134,14,186
2012,567,136,14,186
2013,587,138,14,186
2014,576,139,14,186
2015,323,142,14,186
2016,604,143,14,186
2017,666,146,14,186
2018,695,157,14,186
2019,727,163,14,186
2020,736,168,14,186
2021,334,196,14,186
2022,374,201,14,186
2023,352,202,14,186
2024,364,208,14,186
2025,375,226,14,186
2026,653,231,14,186
2027,698,235,14,186
2028,578,241,14,186
2029,398,252,14,186
2030,673,256,14,186
2031,610,258,14,186
2032,630,261,14,186
2033,782,263,14,186
2034,676,268,14,186
2035,401,271,14,186
2036,421,279,14,186
2037,438,279,14,186
2038,625,285,14,186
2039,608,287,14,186
2040,717,289,14,186
2041,456,291,14,186
2042,525,292,14,186
2043,470,293,14,186
2044,416,300,14,186
2045,559,311,14,186
2046,428,318,14,186
2047,652,318,14,186
2048,538,326,14,186
2049,712,326,14,186
2050,624,328,14,186
2051,585,337,14,186
2052,554,340,14,186
2053,433,118,15,186
2054,391,121,15,186
2055,327,125,15,186
2056,516,127,15,186
2057,615,141,15,186
2058,727,155,15,186
2059,737,158,15,186
2060,714,167,15,186
2061,757,167,15,186
2062,635,252,15,186
2063,749,270,15,186
2064,388,272,15,186
2065,645,291,15,186
2066,790,293,15,186
2067,545,296,15,186
2068,667,307,15,186
2069,405,312,15,186
2070,676,318,15,186
2071,552,334,15,186
2072,456,117,16,186
2073,445,119,16,186
2074,523,121,16,186
2075,536,123,16,186
2076,632,130,16,186
2077,705,138,16,186
2078,672,143,16,186
2079,745,153,16,186
2080,291,168,16,186
2081,272,192,16,186
2082,290,196,16,186
2083,274,214,16,186
2084,322,214,16,186
2085,520,222,16,186
2086,330,256,16,186
2087,346,266,16,186
2088,353,271,16,186
2089,813,271,16,186
2090,382,279,16,186
2091,775,283,16,186
2092,762,285,16,186
2093,368,291,16,186
2094,663,296,16,186
2095,418,298,16,186
2096,324,299,16,186
2097,428,299,16,186
2098,509,303,16,186
2099,559,309,16,186
2100,478,314,16,186
2101,698,314,16,186
2102,599,315,16,186
2103,418,318,16,186
2104,519,318,16,186
2105,665,323,16,186
2106,624,324,16,186
2107,654,325,16,186
2108,541,330,16,186
2109,501,336,16,186
2110,468,113,17,186
2111,665,136,17,186
2112,695,143,17,186
2113,760,151,17,186
2114,796,170,17,186
2115,458,178,17,186
2116,826,193,17,186
2117,544,195,17,186
2118,472,198,17,186
2119,527,200,17,186
2120,247,235,17,186
2121,556,258,17,186
2122,260,266,17,186
2123,307,267,17,186
2124,345,281,17,186
2125,715,285,17,186
2126,786,289,17,186
2127,688,297,17,186
2128,802,298,17,186
2129,334,299,17,186
2130,760,304,17,186
2131,321,305,17,186
2132,727,305,17,186
2133,709,307,17,186
2134,619,313,17,186
2135,663,314,17,186
2136,652,315,17,186
2137,675,316,17,186
2138,359,105,18,186
2139,370,108,18,186
2140,348,110,18,186
2141,255,112,18,186
2142,420,112,18,186
2143,517,115,18,186
2144,587,115,18,186
2145,646,118,18,186
2146,270,119,18,186
2147,613,123,18,186
2148,630,125,18,186
2149,701,134,18,186
2150,778,154,18,186
2151,766,163,18,186
2152,248,164,18,186
2153,711,171,18,186
2154,838,199,18,186
2155,239,200,18,186
2156,856,219,18,186
2157,263,220,18,186
2158,367,226,18,186
2159,695,227,18,186
2160,537,232,18,186
2161,434,235,18,186
2162,524,244,18,186
2163,781,246,18,186
2164,288,251,18,186
2165,848,251,18,186
2166,233,258,18,186
2167,720,266,18,186
2168,746,274,18,186
2169,267,275,18,186
2170,707,300,18,186
2171,262,104,19,186
2172,486,105,19,186
2173,536,106,19,186
2174,514,109,19,186
2175,544,109,19,186
2176,618,109,19,186
2177,527,110,19,186
2178,554,111,19,186
2179,638,118,19,186
2180,704,128,19,186
2181,679,129,19,186
2182,711,135,19,186
2183,723,135,19,186
2184,549,140,19,186
2185,518,168,19,186
2186,834,189,19,186
2187,174,198,19,186
2188,241,220,19,186
2189,839,227,19,186
2190,427,234,19,186
2191,869,237,19,186
2192,606,268,19,186
2193,854,268,19,186
2194,717,274,19,186
2195,292,280,19,186
2196,731,281,19,186
2197,769,288,19,186
2198,720,292,19,186
2199,822,293,19,186
2200,798,296,19,186
2201,759,301,19,186
2202,778,303,19,186
2203,479,316,19,186
2204,607,111,20,186
2205,244,116,20,186
2206,664,121,20,186
2207,676,121,20,186
2208,219,125,20,186
2209,727,130,20,186
2210,195,137,20,186
2211,784,142,20,186
2212,773,146,20,186
2213,220,151,20,186
2214,174,155,20,186
2215,798,156,20,186
2216,474,163,20,186
2217,824,166,20,186
2218,546,170,20,186
2219,173,177,20,186
2220,355,180,20,186
2221,193,203,20,186
2222,567,204,20,186
2223,354,209,20,186
2224,850,210,20,186
2225,770,212,20,186
2226,186,218,20,186
2227,862,219,20,186
2228,410,224,20,186
2229,728,226,20,186
2230,366,230,20,186
2231,797,242,20,186
2232,554,256,20,186
2233,223,260,20,186
2234,615,265,20,186
2235,843,283,20,186
2236,832,296,20,186
2237,820,304,20,186
2238,391,92,21,186
2239,260,98,21,186
2240,543,98,21,186
2241,239,104,21,186
2242,721,116,21,186
2243,689,121,21,186
2244,725,124,21,186
2245,772,140,21,186
2246,174,142,21,186
2247,421,144,21,186
2248,453,145,21,186
2249,808,148,21,186
2250,822,152,21,186
2251,548,159,21,186
2252,297,162,21,186
2253,601,168,21,186
2254,844,169,21,186
2255,353,170,21,186
2256,575,182,21,186
2257,682,183,21,186
2258,692,186,21,186
2259,718,199,21,186
2260,839,199,21,186
2261,731,205,21,186
2262,739,208,21,186
2263,756,209,21,186
2264,734,219,21,186
2265,609,228,21,186
2266,590,231,21,186
2267,385,247,21,186
2268,608,254,21,186
2269,623,254,21,186
2270,807,259,21,186
2271,840,304,21,186
2272,649,314,21,186
2273,432,90,22,186
2274,444,93,22,186
2275,509,96,22,186
2276,631,107,22,186
2277,685,115,22,186
2278,708,116,22,186
2279,736,125,22,186
2280,773,133,22,186
2281,460,136,22,186
2282,415,137,22,186
2283,783,137,22,186
2284,484,140,22,186
2285,523,142,22,186
2286,307,146,22,186
2287,320,147,22,186
2288,362,156,22,186
2289,158,162,22,186
2290,256,164,22,186
2291,589,165,22,186
2292,270,169,22,186
2293,642,175,22,186
2294,409,176,22,186
2295,772,182,22,186
2296,207,189,22,186
2297,303,195,22,186
2298,875,196,22,186
2299,210,197,22,186
2300,325,202,22,186
2301,754,203,22,186
2302,763,204,22,186
2303,863,207,22,186
2304,873,218,22,186
2305,766,223,22,186
2306,188,242,22,186
2307,542,260,22,186
2308,839,270,22,186
2309,670,273,22,186
2310,729,281,22,186
2311,760,285,22,186
2312,812,298,22,186
2313,850,304,22,186
2314,572,311,22,186
2315,413,89,23,186
2316,622,105,23,186
2317,721,115,23,186
2318,179,124,23,186
2319,295,145,23,186
2320,282,148,23,186
2321,832,152,23,186
2322,602,157,23,186
2323,261,158,23,186
2324,841,160,23,186
2325,443,162,23,186
2326,656,163,23,186
2327,851,169,23,186
2328,865,174,23,186
2329,877,182,23,186
2330,659,188,23,186
2331,299,189,23,186
2332,760,197,23,186
2333,162,207,23,186
2334,805,212,23,186
2335,820,225,23,186
2336,783,230,23,186
2337,820,257,23,186
2338,880,277,23,186
2339,873,286,23,186
2340,865,292,23,186
2341,670,293,23,186
2342,493,298,23,186
2343,369,81,24,186
2344,401,82,24,186
2345,491,89,24,186
2346,602,96,24,186
2347,230,99,24,186
2348,211,111,24,186
2349,714,113,24,186
2350,331,131,24,186
2351,321,133,24,186
2352,289,136,24,186
2353,280,142,24,186
2354,270,144,24,186
2355,586,144,24,186
2356,504,158,24,186
2357,721,173,24,186
2358,200,181,24,186
2359,727,184,24,186
2360,785,188,24,186
2361,163,194,24,186
2362,413,197,24,186
2363,709,206,24,186
2364,157,218,24,186
2365,321,237,24,186
2366,708,244,24,186
2367,273,254,24,186
2368,837,257,24,186
2369,570,260,24,186
2370,665,263,24,186
2371,327,264,24,186
2372,541,274,24,186
2373,376,280,24,186
2374,668,282,24,186
2375,758,290,24,186
2376,490,291,24,186
2377,329,80,25,186
2378,171,124,25,186
2379,322,125,25,186
2380,427,125,25,186
2381,798,129,25,186
2382,309,131,25,186
2383,258,137,25,186
2384,247,141,25,186
2385,570,142,25,186
2386,603,143,25,186
2387,573,158,25,186
2388,478,159,25,186
2389,345,175,25,186
2390,411,186,25,186
2391,190,187,25,186
2392,883,190,25,186
2393,806,199,25,186
2394,827,217,25,186
2395,901,231,25,186
2396,475,242,25,186
2397,894,243,25,186
2398,721,254,25,186
2399,274,262,25,186
2400,628,264,25,186
2401,361,276,25,186
2402,623,276,25,186
2403,758,296,25,186
2404,494,301,25,186
2405,872,305,25,186
2406,696,311,25,186
2407,618,319,25,186
2408,481,330,25,186
2409,402,81,26,186
2410,768,120,26,186
2411,353,127,26,186
2412,360,137,26,186
2413,815,139,26,186
2414,587,141,26,186
2415,765,161,26,186
2416,744,162,26,186
2417,751,164,26,186
2418,772,176,26,186
2419,576,180,26,186
2420,186,192,26,186
2421,530,197,26,186
2422,150,215,26,186
2423,153,226,26,186
2424,893,232,26,186
2425,456,234,26,186
2426,911,239,26,186
2427,713,254,26,186
2428,378,256,26,186
2429,640,261,26,186
2430,664,264,26,186
2431,785,265,26,186
2432,539,274,26,186
2433,767,296,26,186
2434,706,298,26,186
2435,501,326,26,186
2436,284,83,27,186
2437,295,125,27,186
2438,258,129,27,186
2439,240,139,27,186
2440,151,144,27,186
2441,345,171,27,186
2442,884,174,27,186
2443,824,192,27,186
2444,590,207,27,186
2445,844,238,27,186
2446,517,254,27,186
2447,843,261,27,186
2448,289,271,27,186
2449,793,294,27,186
2450,495,297,27,186
2451,756,300,27,186
2452,297,310,27,186
2453,661,319,27,186
2454,489,330,27,186
2455,402,348,27,186
2456,580,369,27,186
2457,404,79,28,186
2458,275,82,28,186
2459,557,86,28,186
2460,576,88,28,186
2461,219,94,28,186
2462,524,126,28,186
2463,620,136,28,186
2464,387,154,28,186
2465,773,155,28,186
2466,904,180,28,186
2467,341,196,28,186
2468,470,206,28,186
2469,519,207,28,186
2470,847,229,28,186
2471,349,254,28,186
2472,913,258,28,186
2473,629,266,28,186
2474,335,278,28,186
2475,620,295,28,186
2476,773,301,28,186
2477,741,304,28,186
2478,697,318,28,186
2479,649,322,28,186
2480,338,68,29,186
2481,655,94,29,186
2482,673,98,29,186
2483,382,119,29,186
2484,803,119,29,186
2485,261,122,29,186
2486,392,122,29,186
2487,359,140,29,186
2488,141,144,29,186
2489,822,181,29,186
2490,184,206,29,186
2491,849,222,29,186
2492,276,228,29,186
2493,318,247,29,186
2494,514,257,29,186
2495,635,262,29,186
2496,285,273,29,186
2497,843,273,29,186
2498,895,289,29,186
2499,249,291,29,186
2500,661,319,29,186
2501,368,340,29,186
2502,402,351,29,186
2503,424,355,29,186
2504,561,371,29,186
2505,526,372,29,186
2506,640,92,30,186
2507,343,116,30,186
2508,375,116,30,186
2509,359,151,30,186
2510,833,184,30,186
2511,480,187,30,186
2512,468,199,30,186
2513,500,205,30,186
2514,289,210,30,186
2515,884,212,30,186
2516,928,229,30,186
2517,636,232,30,186
2518,630,266,30,186
2519,511,268,30,186
2520,593,276,30,186
2521,343,285,30,186
2522,798,299,30,186
2523,385,300,30,186
2524,319,321,30,186
2525,467,330,30,186
2526,355,337,30,186
2527,705,362,30,186
2528,266,73,31,186
2529,291,77,31,186
2530,191,97,31,186
2531,200,100,31,186
2532,385,116,31,186
2533,804,120,31,186
2534,622,131,31,186
2535,845,133,31,186
2536,709,135,31,186
2537,757,142,31,186
2538,778,151,31,186
2539,803,166,31,186
2540,442,188,31,186
2541,377,194,31,186
2542,433,204,31,186
2543,141,218,31,186
2544,277,225,31,186
2545,296,278,31,186
2546,230,281,31,186
2547,347,290,31,186
2548,243,292,31,186
2549,260,299,31,186
2550,646,324,31,186
2551,367,344,31,186
2552,780,351,31,186
2553,491,368,31,186
2554,574,374,31,186
2555,244,81,32,186
2556,506,116,32,186
2557,142,139,32,186
2558,655,150,32,186
2559,900,173,32,186
2560,582,200,32,186
2561,921,205,32,186
2562,630,207,32,186
2563,634,231,32,186
2564,215,239,32,186
2565,515,253,32,186
2566,194,260,32,186
2567,779,263,32,186
2568,850,273,32,186
2569,287,275,32,186
2570,591,279,32,186
2571,911,285,32,186
2572,909,293,32,186
2573,249,296,32,186
2574,891,309,32,186
2575,290,317,32,186
2576,444,318,32,186
2577,300,319,32,186
2578,668,322,32,186
2579,307,323,32,186
2580,638,374,32,186
2581,529,376,32,186
2582,552,376,32,186
2583,561,376,32,186
2584,620,376,32,186
2585,685,86,33,186
2586,197,94,33,186
2587,398,118,33,186
2588,561,122,33,186
2589,801,122,33,186
2590,732,138,33,186
2591,486,141,33,186
2592,385,152,33,186
2593,581,164,33,186
2594,410,179,33,186
2595,482,192,33,186
2596,132,197,33,186
2597,597,229,33,186
2598,156,237,33,186
2599,513,261,33,186
2600,401,270,33,186
2601,434,276,33,186
2602,313,281,33,186
2603,428,304,33,186
2604,772,311,33,186
2605,590,318,33,186
2606,609,327,33,186
2607,464,330,33,186
2608,708,369,33,186
2609,490,371,33,186
2610,669,372,33,186
2611,661,374,33,186
2612,648,376,33,186
2613,423,71,34,186
2614,261,76,34,186
2615,654,90,34,186
2616,681,91,34,186
2617,356,115,34,186
2618,648,126,34,186
2619,608,127,34,186
2620,227,130,34,186
2621,218,136,34,186
2622,856,138,34,186
2623,802,157,34,186
2624,297,213,34,186
2625,282,220,34,186
2626,208,236,34,186
2627,923,255,34,186
2628,501,261,34,186
2629,211,274,34,186
2630,850,279,34,186
2631,305,281,34,186
2632,516,293,34,186
2633,798,308,34,186
2634,663,324,34,186
2635,540,325,34,186
2636,325,332,34,186
2637,839,334,34,186
2638,818,340,34,186
2639,420,364,34,186
2640,678,373,34,186
2641,501,375,34,186
2642,563,379,34,186
2643,618,379,34,186
2644,529,75,35,186
2645,518,115,35,186
2646,337,116,35,186
2647,805,117,35,186
2648,560,122,35,186
2649,730,136,35,186
2650,865,141,35,186
2651,775,144,35,186
2652,351,158,35,186
2653,582,162,35,186
2654,436,190,35,186
2655,423,195,35,186
2656,888,204,35,186
2657,906,210,35,186
2658,739,219,35,186
2659,156,236,35,186
2660,213,240,35,186
2661,557,249,35,186
2662,436,265,35,186
2663,921,282,35,186
2664,846,284,35,186
2665,441,294,35,186
2666,892,305,35,186
2667,771,312,35,186
2668,300,323,35,186
2669,705,325,35,186
2670,719,326,35,186
2671,463,328,35,186
2672,616,332,35,186
2673,829,338,35,186
2674,808,344,35,186
2675,762,360,35,186
2676,511,376,35,186
2677,554,379,35,186
2678,382,62,36,186
2679,431,70,36,186
2680,374,71,36,186
2681,269,76,36,186
2682,586,79,36,186
2683,161,115,36,186
2684,343,117,36,186
2685,666,126,36,186
2686,616,127,36,186
2687,600,128,36,186
2688,589,169,36,186
2689,443,187,36,186
2690,182,193,36,186
2691,434,198,36,186
2692,550,208,36,186
2693,635,212,36,186
2694,609,221,36,186
2695,755,224,36,186
2696,266,267,36,186
2697,476,274,36,186
2698,303,280,36,186
2699,244,296,36,186
2700,256,302,36,186
2701,543,324,36,186
2702,674,327,36,186
2703,324,332,36,186
2704,623,332,36,186
2705,841,334,36,186
2706,332,336,36,186
2707,371,351,36,186
2708,401,360,36,186
2709,455,370,36,186
2710,589,381,36,186
2711,390,63,37,186
2712,740,100,37,186
2713,323,116,37,186
2714,517,118,37,186
2715,401,119,37,186
2716,642,129,37,186
2717,695,130,37,186
2718,733,137,37,186
2719,354,159,37,186
2720,489,165,37,186
2721,784,173,37,186
2722,904,178,37,186
2723,660,181,37,186
2724,913,210,37,186
2725,296,220,37,186
2726,873,230,37,186
2727,917,261,37,186
2728,205,269,37,186
2729,913,286,37,186
2730,771,313,37,186
2731,889,315,37,186
2732,692,372,37,186
2733,608,381,37,186
2734,409,70,38,186
2735,371,71,38,186
2736,514,72,38,186
2737,270,77,38,186
2738,659,87,38,186
2739,159,117,38,186
2740,452,117,38,186
2741,496,119,38,186
2742,145,135,38,186
2743,489,146,38,186
2744,578,169,38,186
2745,920,172,38,186
2746,405,173,38,186
2747,488,181,38,186
2748,708,183,38,186
2749,478,190,38,186
2750,542,193,38,186
2751,180,209,38,186
2752,288,224,38,186
2753,431,271,38,186
2754,512,287,38,186
2755,329,289,38,186
2756,845,289,38,186
2757,904,292,38,186
2758,802,309,38,186
2759,786,311,38,186
2760,720,324,38,186
2761,501,329,38,186
2762,661,329,38,186
2763,612,332,38,186
2764,750,364,38,186
2765,678,374,38,186
2766,667,375,38,186
2767,644,378,38,186
2768,539,381,38,186
2769,471,120,39,186
2770,524,122,39,186
2771,234,125,39,186
2772,674,128,39,186
2773,838,175,39,186
2774,586,177,39,186
2775,484,186,39,186
2776,132,188,39,186
2777,557,194,39,186
2778,350,197,39,186
2779,297,214,39,186
2780,730,214,39,186
2781,151,224,39,186
2782,874,230,39,186
2783,863,247,39,186
2784,482,270,39,186
2785,228,283,39,186
2786,247,295,39,186
2787,429,314,39,186
2788,293,319,39,186
2789,860,325,39,186
2790,477,328,39,186
2791,693,372,39,186
2792,663,81,40,186
2793,768,101,40,186
2794,438,121,40,186
2795,493,123,40,186
2796,506,123,40,186
2797,402,124,40,186
2798,595,128,40,186
2799,637,129,40,186
2800,684,130,40,186
2801,720,137,40,186
2802,773,144,40,186
2803,785,146,40,186
2804,489,147,40,186
2805,377,157,40,186
2806,357,162,40,186
2807,710,179,40,186
2808,423,180,40,186
2809,388,189,40,186
2810,624,194,40,186
2811,404,195,40,186
2812,180,198,40,186
2813,359,199,40,186
2814,591,212,40,186
2815,619,213,40,186
2816,456,254,40,186
2817,429,272,40,186
2818,839,292,40,186
2819,903,295,40,186
2820,779,312,40,186
2821,282,313,40,186
2822,872,317,40,186
2823,442,318,40,186
2824,726,322,40,186
2825,708,324,40,186
2826,662,328,40,186
2827,644,329,40,186
2828,498,330,40,186
2829,779,356,40,186
2830,425,365,40,186
2831,644,378,40,186
2832,397,69,41,186
2833,304,73,41,186
2834,255,80,41,186
2835,590,83,41,186
2836,243,84,41,186
2837,615,84,41,186
2838,662,88,41,186
2839,798,116,41,186
2840,536,124,41,186
2841,351,125,41,186
2842,334,126,41,186
2843,433,126,41,186
2844,394,127,41,186
2845,485,131,41,186
2846,229,132,41,186
2847,739,143,41,186
2848,756,145,41,186
2849,573,156,41,186
2850,830,171,41,186
2851,408,177,41,186
2852,841,182,41,186
2853,759,187,41,186
2854,599,205,41,186
2855,933,214,41,186
2856,601,233,41,186
2857,231,243,41,186
2858,334,288,41,186
2859,532,325,41,186
2860,683,325,41,186
2861,626,329,41,186
2862,392,355,41,186
2863,694,371,41,186
2864,470,372,41,186
2865,669,372,41,186
2866,556,380,41,186
2867,331,74,42,186
2868,386,74,42,186
2869,543,80,42,186
2870,577,83,42,186
2871,187,103,42,186
2872,828,128,42,186
2873,415,137,42,186
2874,230,138,42,186
2875,536,141,42,186
2876,150,147,42,186
2877,367,157,42,186
2878,802,157,42,186
2879,483,159,42,186
2880,551,160,42,186
2881,466,173,42,186
2882,482,177,42,186
2883,440,184,42,186
2884,456,184,42,186
2885,629,185,42,186
2886,596,189,42,186
2887,909,195,42,186
2888,468,197,42,186
2889,451,207,42,186
2890,461,208,42,186
2891,600,211,42,186
2892,638,213,42,186
2893,576,215,42,186
2894,296,221,42,186
2895,740,223,42,186
2896,209,229,42,186
2897,220,234,42,186
2898,478,240,42,186
2899,805,307,42,186
2900,784,309,42,186
2901,699,323,42,186
2902,520,324,42,186
2903,474,326,42,186
2904,485,330,42,186
2905,337,335,42,186
2906,756,358,42,186
2907,745,360,42,186
2908,636,377,42,186
2909,211,99,43,186
2910,199,102,43,186
2911,279,120,43,186
2912,815,126,43,186
2913,165,131,43,186
2914,558,131,43,186
2915,671,134,43,186
2916,517,135,43,186
2917,595,135,43,186
2918,546,138,43,186
2919,692,138,43,186
2920,852,140,43,186
2921,341,141,43,186
2922,717,145,43,186
2923,865,145,43,186
2924,706,146,43,186
2925,758,152,43,186
2926,564,153,43,186
2927,413,158,43,186
2928,145,161,43,186
2929,451,162,43,186
2930,580,166,43,186
2931,439,173,43,186
2932,594,182,43,186
2933,256,185,43,186
2934,910,185,43,186
2935,339,186,43,186
2936,618,188,43,186
2937,794,191,43,186
2938,201,222,43,186
2939,629,223,43,186
2940,597,228,43,186
2941,920,233,43,186
2942,236,244,43,186
2943,480,252,43,186
2944,910,255,43,186
2945,499,259,43,186
2946,479,264,43,186
2947,831,294,43,186
2948,777,309,43,186
2949,627,329,43,186
2950,449,365,43,186
2951,472,369,43,186
2952,519,377,43,186
2953,533,378,43,186
2954,563,379,43,186
2955,250,90,44,186
2956,530,131,44,186
2957,258,137,44,186
2958,440,137,44,186
2959,466,151,44,186
2960,749,153,44,186
2961,784,156,44,186
2962,459,157,44,186
2963,232,159,44,186
2964,620,160,44,186
2965,502,165,44,186
2966,808,166,44,186
2967,229,171,44,186
2968,613,173,44,186
2969,580,175,44,186
2970,623,175,44,186
2971,453,177,44,186
2972,266,181,44,186
2973,839,185,44,186
2974,677,190,44,186
2975,558,192,44,186
2976,404,200,44,186
2977,915,202,44,186
2978,441,203,44,186
2979,364,205,44,186
2980,352,208,44,186
2981,606,212,44,186
2982,294,216,44,186
2983,751,219,44,186
2984,915,226,44,186
2985,211,228,44,186
2986,473,233,44,186
2987,597,240,44,186
2988,503,244,44,186
2989,484,260,44,186
2990,413,306,44,186
2991,796,307,44,186
2992,450,316,44,186
2993,734,317,44,186
2994,580,323,44,186
2995,653,324,44,186
2996,617,327,44,186
2997,606,376,44,186
2998,410,79,45,186
2999,338,82,45,186
3000,549,84,45,186
3001,179,128,45,186
3002,297,131,45,186
3003,539,132,45,186
3004,565,139,45,186
3005,361,141,45,186
3006,542,142,45,186
3007,682,142,45,186
3008,264,149,45,186
3009,434,151,45,186
3010,623,151,45,186
3011,473,153,45,186
3012,244,157,45,186
3013,444,167,45,186
3014,784,169,45,186
3015,604,172,45,186
3016,226,183,45,186
3017,602,184,45,186
3018,783,188,45,186
3019,456,191,45,186
3020,536,192,45,186
3021,288,194,45,186
3022,649,199,45,186
3023,474,208,45,186
3024,584,209,45,186
3025,200,210,45,186
3026,630,215,45,186
3027,216,224,45,186
3028,648,224,45,186
3029,480,244,45,186
3030,594,247,45,186
3031,906,273,45,186
3032,330,283,45,186
3033,346,290,45,186
3034,358,294,45,186
3035,392,302,45,186
3036,457,317,45,186
3037,708,320,45,186
3038,564,321,45,186
3039,685,322,45,186
3040,632,327,45,186
3041,403,353,45,186
3042,591,375,45,186
3043,607,89,46,186
3044,818,132,46,186
3045,519,135,46,186
3046,588,142,46,186
3047,369,144,46,186
3048,576,144,46,186
3049,442,157,46,186
3050,584,158,46,186
3051,719,159,46,186
3052,256,163,46,186
3053,624,164,46,186
3054,618,174,46,186
3055,285,176,46,186
3056,638,182,46,186
3057,277,184,46,186
3058,693,189,46,186
3059,516,194,46,186
3060,623,195,46,186
3061,311,197,46,186
3062,265,202,46,186
3063,375,204,46,186
3064,491,204,46,186
3065,658,207,46,186
3066,366,211,46,186
3067,218,218,46,186
3068,607,219,46,186
3069,294,221,46,186
3070,600,241,46,186
3071,468,245,46,186
3072,598,257,46,186
3073,611,257,46,186
3074,670,267,46,186
3075,367,293,46,186
3076,573,375,46,186
